{
  "_fv": 8,
  "_type": "recipe",
  "definition": {
    "recipeType": "Crafting",
    "xpReward": 0.0,
    "cookingTime": 200,
    "recipeRetstackSize": 1,
    "group": "",
    "recipeShapeless": false,
    "recipeSlots": [
      {
        "value": ""
      },
      {
        "value": ""
      },
      {
        "value": ""
      },
      {
        "value": "CUSTOM:Chain"
      },
      {
        "value": ""
      },
      {
        "value": "CUSTOM:Chain"
      },
      {
        "value": "CUSTOM:Chain"
      },
      {
        "value": ""
      },
      {
        "value": "CUSTOM:Chain"
      }
    ],
    "recipeReturnStack": {
      "value": "Items.CHAINMAIL_BOOTS"
    },
    "name": "chain_boots",
    "namespace": "mod"
  }
}