{
  "group": "qualityoflife",
  "type": "minecraft:crafting_shaped",
  "pattern": [
    "012",
    "345"
  ],
  "key": {
    "0": {
      "item": "minecraft:gold_ingot"
    },
    "1": {
      "item": "minecraft:gold_ingot"
    },
    "2": {
      "item": "minecraft:gold_ingot"
    },
    "3": {
      "item": "minecraft:gold_ingot"
    },
    "4": {
      "item": "minecraft:saddle"
    },
    "5": {
      "item": "minecraft:gold_ingot"
    }
  },
  "result": {
    "item": "minecraft:golden_horse_armor",
    "count": 1
  }
}