{
  "group": "qualityoflife",
  "type": "minecraft:crafting_shaped",
  "pattern": [
    "01",
    "23",
    "45"
  ],
  "key": {
    "0": {
      "item": "minecraft:iron_nugget"
    },
    "1": {
      "item": "minecraft:iron_nugget"
    },
    "2": {
      "item": "minecraft:stick"
    },
    "3": {
      "item": "minecraft:stick"
    },
    "4": {
      "item": "minecraft:feather"
    },
    "5": {
      "item": "minecraft:feather"
    }
  },
  "result": {
    "item": "minecraft:arrow",
    "count": 16
  }
}